full_team_name,team_name,real_team_name,league_id,league_name,team_id,division_id,division_name,division_full_name,conference_id,conference_name,conference_full_name,league,team_league_id,city_name,state_name,country,stadium_id,logo_filename
MLB,mlb,Major League Baseball,1,mlb,1000,101,UA,Unaffiliated,101,UA,Unaffiliated,MLB,100,new_york,ny,us,,mlb_logo.png
Chicago_White_Sox,chicago_white_sox,Chicago White Sox,1,mlb,1035,102,Central, AL Central,102,AL, American League,MLB,106,chicago,il,us,205,chicago_white_sox_logo.png
Cleveland_Guardians,cleveland_guardians,Cleveland Guardians,1,mlb,1040,102,Central, AL Central,102,AL, American League,MLB,107,cleveland,oh,us,201,cleveland_guardians_logo.png
Detroit_Tigers,detroit_tigers,Detroit Tigers,1,mlb,1057,102,Central, AL Central,102,AL, American League,MLB,108,detroit,mi,us,135,detroit_tigers_logo.png
Kansas_City_Royals,kansas_city_royals,Kansas City Royals,1,mlb,1075,102,Central, AL Central,102,AL, American League,MLB,109,kansas_city,mo,us,168,kansas_city_royals_logo.png
Minnesota_Twins,minnesota_twins,Minnesota Twins,1,mlb,1096,102,Central, AL Central,102,AL, American League,MLB,110,minneapolis,mn,us,229,minnesota_twins_logo.png
Baltimore_Orioles,baltimore_orioles,Baltimore Orioles,1,mlb,1015,103,East, AL East,102,AL, American League,MLB,101,baltimore,md,us,193,baltimore_orioles_logo.png
Boston_Red_Sox,boston_red_sox,Boston Red Sox,1,mlb,1019,103,East, AL East,102,AL, American League,MLB,102,boston,ma,us,148,boston_red_sox_logo.png
New_York_Yankees,new_york_yankees,New York Yankees,1,mlb,1117,103,East, AL East,102,AL, American League,MLB,103,new_york,ny,us,241,new_york_yankees_logo.png
Tampa_Bay_Rays,tampa_bay_rays,Tampa Bay Rays,1,mlb,1155,103,East, AL East,102,AL, American League,MLB,104,tampa_bay,fl,us,155,tampa_bay_rays_logo.png
Toronto_Blue_Jays,toronto_blue_jays,Toronto Blue Jays,1,mlb,1158,103,East, AL East,102,AL, American League,MLB,105,toronto,on,ca,209,toronto_blue_jays_logo.png
Houston_Astros,houston_astros,Houston Astros,1,mlb,1065,104,West, AL West,102,AL, American League,MLB,111,houston,tx,us,138,houston_astros_logo.png
Los_Angeles_Angels,los_angeles_angels,Los Angeles Angels,1,mlb,1080,104,West, AL West,102,AL, American League,MLB,112,los_angeles,ca,us,108,los_angeles_angels_logo.png
Oakland_Athletics,oakland_athletics,Oakland Athletics,1,mlb,1118,104,West, AL West,102,AL, American League,MLB,113,west_sacramento,ca,us,225,oakland_athletics_logo.png
Seattle_Mariners,seattle_mariners,Seattle Mariners,1,mlb,1145,104,West, AL West,102,AL, American League,MLB,114,seattle,wa,us,227,seattle_mariners_logo.png
Texas_Rangers,texas_rangers,Texas Rangers,1,mlb,1157,104,West, AL West,102,AL, American League,MLB,115,arlington,tx,us,157,texas_rangers_logo.png
Chicago_Cubs,chicago_cubs,Chicago Cubs,1,mlb,1032,105,Central, NL Central,103,NL, National League,MLB,121,chicago,il,us,239,chicago_cubs_logo.png
Cincinnati_Reds,cincinnati_reds,Cincinnati Reds,1,mlb,1037,105,Central, NL Central,103,NL, National League,MLB,122,cincinnati,oh,us,160,cincinnati_reds_logo.png
Milwaukee_Brewers,milwaukee_brewers,Milwaukee Brewers,1,mlb,1092,105,Central, NL Central,103,NL, National League,MLB,123,milwaukee,wi,us,107,milwaukee_brewers_logo.png
Pittsburgh_Pirates,pittsburgh_pirates,Pittsburgh Pirates,1,mlb,1131,105,Central, NL Central,103,NL, National League,MLB,124,pittsburgh,pa,us,199,pittsburgh_pirates_logo.png
St._Louis_Cardinals,st._louis_cardinals,St. Louis Cardinals,1,mlb,1151,105,Central, NL Central,103,NL, National League,MLB,125,st_louis,mo,us,121,st._louis_cardinals_logo.png
Atlanta_Braves,atlanta_braves,Atlanta Braves,1,mlb,1009,106,East, NL East,103,NL, National League,MLB,126,atlanta,ga,us,234,atlanta_braves_logo.png
Miami_Marlins,miami_marlins,Miami Marlins,1,mlb,1091,106,East, NL East,103,NL, National League,MLB,127,miami,fl,us,176,miami_marlins_logo.png
New_York_Mets,new_york_mets,New York Mets,1,mlb,1114,106,East, NL East,103,NL, National League,MLB,128,new_york,ny,us,131,new_york_mets_logo.png
Philadelphia_Phillies,philadelphia_phillies,Philadelphia Phillies,1,mlb,1126,106,East, NL East,103,NL, National League,MLB,129,philadelphia,pa,us,132,philadelphia_phillies_logo.png
Washington_Nationals,washington_nationals,Washington Nationals,1,mlb,1170,106,East, NL East,103,NL, National League,MLB,130,washington,dc,us,187,washington_nationals_logo.png
Arizona_Diamondbacks,arizona_diamondbacks,Arizona Diamondbacks,1,mlb,1008,107,West, NL West,103,NL, National League,MLB,116,phoenix,az,us,128,arizona_diamondbacks_logo.png
Colorado_Rockies,colorado_rockies,Colorado Rockies,1,mlb,1043,107,West, NL West,103,NL, National League,MLB,117,denver,co,us,136,colorado_rockies_logo.png
Los_Angeles_Dodgers,los_angeles_dodgers,Los Angeles Dodgers,1,mlb,1082,107,West, NL West,103,NL, National League,MLB,118,los_angeles,ca,us,142,los_angeles_dodgers_logo.png
San_Diego_Padres,san_diego_padres,San Diego Padres,1,mlb,1139,107,West, NL West,103,NL, National League,MLB,119,san_diego,ca,us,197,san_diego_padres_logo.png
San_Francisco_Giants,san_francisco_giants,San Francisco Giants,1,mlb,1141,107,West, NL West,103,NL, National League,MLB,120,san_francisco,ca,us,192,san_francisco_giants_logo.png
MLS,mls,Major League Soccer,2,mls,1001,108,UA,Unaffiliated,104,UA,Unaffiliated,MLS,100,new_york,ny,us,,mls_logo.png
Atlanta_United_Fc,atlanta_united_fc,Atlanta United FC,2,mls,1013,109,Eastern, Eastern Conference,105,Eastern, Eastern Conference,MLS,101,atlanta,ga,us,182,atlanta_united_fc_logo.png
Cf_Montréal,cf_montréal,CF Montréal,2,mls,1026,109,Eastern, Eastern Conference,105,Eastern, Eastern Conference,MLS,108,montreal,qc,ca,212,cf_montréal_logo.png
Charlotte_Fc,charlotte_fc,Charlotte FC,2,mls,1027,109,Eastern, Eastern Conference,105,Eastern, Eastern Conference,MLS,102,charlotte,nc,us,113,charlotte_fc_logo.png
Chicago_Fire_Fc,chicago_fire_fc,Chicago Fire FC,2,mls,1033,109,Eastern, Eastern Conference,105,Eastern, Eastern Conference,MLS,103,chicago,il,us,219,chicago_fire_fc_logo.png
Columbus_Crew,columbus_crew,Columbus Crew,2,mls,1045,109,Eastern, Eastern Conference,105,Eastern, Eastern Conference,MLS,105,columbus,oh,us,177,columbus_crew_logo.png
D.C._United,d.c._united,D.C. United,2,mls,1047,109,Eastern, Eastern Conference,105,Eastern, Eastern Conference,MLS,106,washington,dc,us,111,d.c._united_logo.png
Fc_Cincinnati,fc_cincinnati,FC Cincinnati,2,mls,1059,109,Eastern, Eastern Conference,105,Eastern, Eastern Conference,MLS,104,cincinnati,oh,us,233,fc_cincinnati_logo.png
Inter_Miami_Cf,inter_miami_cf,Inter Miami CF,2,mls,1072,109,Eastern, Eastern Conference,105,Eastern, Eastern Conference,MLS,107,miami,fl,us,129,inter_miami_cf_logo.png
Nashville_Sc,nashville_sc,Nashville SC,2,mls,1102,109,Eastern, Eastern Conference,105,Eastern, Eastern Conference,MLS,109,nashville,tn,us,154,nashville_sc_logo.png
New_England_Revolution,new_england_revolution,New England Revolution,2,mls,1104,109,Eastern, Eastern Conference,105,Eastern, Eastern Conference,MLS,110,foxborough,ma,us,156,new_england_revolution_logo.png
New_York_City_Fc,new_york_city_fc,New York City FC,2,mls,1108,109,Eastern, Eastern Conference,105,Eastern, Eastern Conference,MLS,111,new_york,ny,us,241,new_york_city_fc_logo.png
New_York_Red_Bulls,new_york_red_bulls,New York Red Bulls,2,mls,1116,109,Eastern, Eastern Conference,105,Eastern, Eastern Conference,MLS,112,new_york,ny,us,221,new_york_red_bulls_logo.png
Orlando_City_Sc,orlando_city_sc,Orlando City SC,2,mls,1120,109,Eastern, Eastern Conference,105,Eastern, Eastern Conference,MLS,113,orlando,fl,us,165,orlando_city_sc_logo.png
Philadelphia_Union,philadelphia_union,Philadelphia Union,2,mls,1127,109,Eastern, Eastern Conference,105,Eastern, Eastern Conference,MLS,114,philadelphia,pa,us,224,philadelphia_union_logo.png
Toronto_Fc,toronto_fc,Toronto FC,2,mls,1159,109,Eastern, Eastern Conference,105,Eastern, Eastern Conference,MLS,115,toronto,on,ca,118,toronto_fc_logo.png
Austin_Fc,austin_fc,Austin FC,2,mls,1014,110,Western, Western Conference,106,Western, Western Conference,MLS,116,austin,tx,us,204,austin_fc_logo.png
Colorado_Rapids,colorado_rapids,Colorado Rapids,2,mls,1042,110,Western, Western Conference,106,Western, Western Conference,MLS,117,denver,co,us,140,colorado_rapids_logo.png
Fc_Dallas,fc_dallas,FC Dallas,2,mls,1060,110,Western, Western Conference,106,Western, Western Conference,MLS,118,dallas,tx,us,232,fc_dallas_logo.png
Houston_Dynamo_Fc,houston_dynamo_fc,Houston Dynamo FC,2,mls,1066,110,Western, Western Conference,106,Western, Western Conference,MLS,119,houston,tx,us,215,houston_dynamo_fc_logo.png
La_Galaxy,la_galaxy,Los Angeles Galaxy,2,mls,1077,110,Western, Western Conference,106,Western, Western Conference,MLS,120,los_angeles,ca,us,141,la_galaxy_logo.png
Los_Angeles_Fc,los_angeles_fc,Los Angeles FC,2,mls,1083,110,Western, Western Conference,106,Western, Western Conference,MLS,121,los_angeles,ca,us,119,los_angeles_fc_logo.png
Minnesota_United_Fc,minnesota_united_fc,Minnesota United FC,2,mls,1097,110,Western, Western Conference,106,Western, Western Conference,MLS,122,minneapolis,mn,us,103,minnesota_united_fc_logo.png
Portland_Timbers,portland_timbers,Portland Timbers,2,mls,1133,110,Western, Western Conference,106,Western, Western Conference,MLS,123,portland,orleans,us,202,portland_timbers_logo.png
Real_Salt_Lake,real_salt_lake,Real Salt Lake,2,mls,1135,110,Western, Western Conference,106,Western, Western Conference,MLS,124,salt_lake_city,ut,us,105,real_salt_lake_logo.png
San_Diego_Fc,san_diego_fc,San Diego FC,2,mls,1138,110,Western, Western Conference,106,Western, Western Conference,MLS,125,san_diego,ca,us,217,san_diego_fc_logo.png
San_Jose_Earthquakes,san_jose_earthquakes,San Jose Earthquakes,2,mls,1142,110,Western, Western Conference,106,Western, Western Conference,MLS,126,san_jose,ca,us,196,san_jose_earthquakes_logo.png
Seattle_Sounders_Fc,seattle_sounders_fc,Seattle Sounders FC,2,mls,1147,110,Western, Western Conference,106,Western, Western Conference,MLS,127,seattle,wa,us,179,seattle_sounders_fc_logo.png
Sporting_Kansas_City,sporting_kansas_city,Sporting Kansas City,2,mls,1149,110,Western, Western Conference,106,Western, Western Conference,MLS,128,kansas_city,ks,us,130,sporting_kansas_city_logo.png
St._Louis_City_Sc,st._louis_city_sc,St. Louis City SC,2,mls,1152,110,Western, Western Conference,106,Western, Western Conference,MLS,129,st_louis,mo,us,144,st._louis_city_sc_logo.png
Vancouver_Whitecaps_Fc,vancouver_whitecaps_fc,Vancouver Whitecaps FC,2,mls,1165,110,Western, Western Conference,106,Western, Western Conference,MLS,130,vancouver,bc,ca,115,vancouver_whitecaps_fc_logo.png
NBA,nba,National Basketball Association,3,nba,1002,111,UA,Unaffiliated,105,UA,Unaffiliated,NBA,100,new_york,ny,us,,nba_logo.png
Boston_Celtics,boston_celtics,Boston Celtics,3,nba,1018,112, Atlantic, Atlantic,106,Eastern, Eastern Conference,NBA,101,boston,ma,us,230,boston_celtics_logo.png
Brooklyn_Nets,brooklyn_nets,Brooklyn Nets,3,nba,1020,112, Atlantic, Atlantic,106,Eastern, Eastern Conference,NBA,102,brooklyn,ny,us,114,brooklyn_nets_logo.png
New_York_Knicks,new_york_knicks,New York Knicks,3,nba,1112,112, Atlantic, Atlantic,106,Eastern, Eastern Conference,NBA,103,new_york,ny,us,181,new_york_knicks_logo.png
Philadelphia_76Ers,philadelphia_76ers,Philadelphia 76ers,3,nba,1123,112, Atlantic, Atlantic,106,Eastern, Eastern Conference,NBA,104,philadelphia,pa,us,240,philadelphia_76ers_logo.png
Toronto_Raptors,toronto_raptors,Toronto Raptors,3,nba,1161,112, Atlantic, Atlantic,106,Eastern, Eastern Conference,NBA,105,toronto,on,ca,213,toronto_raptors_logo.png
Chicago_Bulls,chicago_bulls,Chicago Bulls,3,nba,1031,113,Central, Central,106,Eastern, Eastern Conference,NBA,106,chicago,il,us,237,chicago_bulls_logo.png
Cleveland_Cavaliers,cleveland_cavaliers,Cleveland Cavaliers,3,nba,1039,113,Central, Central,106,Eastern, Eastern Conference,NBA,107,cleveland,oh,us,207,cleveland_cavaliers_logo.png
Detroit_Pistons,detroit_pistons,Detroit Pistons,3,nba,1055,113,Central, Central,106,Eastern, Eastern Conference,NBA,108,detroit,mi,us,175,detroit_pistons_logo.png
Indiana_Pacers,indiana_pacers,Indiana Pacers,3,nba,1070,113,Central, Central,106,Eastern, Eastern Conference,NBA,109,indiana,in,us,152,indiana_pacers_logo.png
Milwaukee_Bucks,milwaukee_bucks,Milwaukee Bucks,3,nba,1093,113,Central, Central,106,Eastern, Eastern Conference,NBA,110,milwaukee,wi,us,149,milwaukee_bucks_logo.png
Atlanta_Hawks,atlanta_hawks,Atlanta Hawks,3,nba,1012,114,Southeast, Southeast,106,Eastern, Eastern Conference,NBA,111,atlanta,ga,us,222,atlanta_hawks_logo.png
Charlotte_Hornets,charlotte_hornets,Charlotte Hornets,3,nba,1028,114,Southeast, Southeast,106,Eastern, Eastern Conference,NBA,112,charlotte,nc,us,220,charlotte_hornets_logo.png
Miami_Heat,miami_heat,Miami Heat,3,nba,1090,114,Southeast, Southeast,106,Eastern, Eastern Conference,NBA,113,miami,fl,us,167,miami_heat_logo.png
Orlando_Magic,orlando_magic,Orlando Magic,3,nba,1121,114,Southeast, Southeast,106,Eastern, Eastern Conference,NBA,114,orlando,fl,us,170,orlando_magic_logo.png
Washington_Wizards,washington_wizards,Washington Wizards,3,nba,1171,114,Southeast, Southeast,106,Eastern, Eastern Conference,NBA,115,washington,dc,us,125,washington_wizards_logo.png
Denver_Nuggets,denver_nuggets,Denver Nuggets,3,nba,1053,115,Northwest, Northwest,107,Western, Western Conference,NBA,116,denver,co,us,112,denver_nuggets_logo.png
Minnesota_Timberwolves,minnesota_timberwolves,Minnesota Timberwolves,3,nba,1095,115,Northwest, Northwest,107,Western, Western Conference,NBA,117,minneapolis,mn,us,228,minnesota_timberwolves_logo.png
Oklahoma_City_Thunder,oklahoma_city_thunder,Oklahoma City Thunder,3,nba,1119,115,Northwest, Northwest,107,Western, Western Conference,NBA,118,oklahoma_city,ok,us,194,oklahoma_city_thunder_logo.png
Portland_Trail_Blazers,portland_trail_blazers,Portland Trail Blazers,3,nba,1134,115,Northwest, Northwest,107,Western, Western Conference,NBA,119,portland,or,us,185,portland_trail_blazers_logo.png
Utah_Jazz,utah_jazz,Utah Jazz,3,nba,1162,115,Northwest, Northwest,107,Western, Western Conference,NBA,120,salt_lake_city,ut,us,139,utah_jazz_logo.png
Golden_State_Warriors,golden_state_warriors,Golden State Warriors,3,nba,1063,116,Pacific, Pacific,107,Western, Western Conference,NBA,121,san_francisco,ca,us,127,golden_state_warriors_logo.png
La_Clippers,la_clippers,Los Angeles Clippers,3,nba,1076,116,Pacific, Pacific,107,Western, Western Conference,NBA,122,los_angeles,ca,us,166,la_clippers_logo.png
Los_Angeles_Lakers,los_angeles_lakers,Los Angeles Lakers,3,nba,1085,116,Pacific, Pacific,107,Western, Western Conference,NBA,123,los_angeles,ca,us,137,los_angeles_lakers_logo.png
Phoenix_Suns,phoenix_suns,Phoenix Suns,3,nba,1129,116,Pacific, Pacific,107,Western, Western Conference,NBA,124,phoenix,az,us,198,phoenix_suns_logo.png
Sacramento_Kings,sacramento_kings,Sacramento Kings,3,nba,1136,116,Pacific, Pacific,107,Western, Western Conference,NBA,125,sacramento,ca,us,158,sacramento_kings_logo.png
Dallas_Mavericks,dallas_mavericks,Dallas Mavericks,3,nba,1049,117,Southwest, Southwest,107,Western, Western Conference,NBA,126,dallas,tx,us,106,dallas_mavericks_logo.png
Houston_Rockets,houston_rockets,Houston Rockets,3,nba,1067,117,Southwest, Southwest,107,Western, Western Conference,NBA,127,houston,tx,us,231,houston_rockets_logo.png
Memphis_Grizzlies,memphis_grizzlies,Memphis Grizzlies,3,nba,1088,117,Southwest, Southwest,107,Western, Western Conference,NBA,128,memphis,tn,us,147,memphis_grizzlies_logo.png
New_Orleans_Pelicans,new_orleans_pelicans,New Orleans Pelicans,3,nba,1106,117,Southwest, Southwest,107,Western, Western Conference,NBA,129,new_orleans,la,us,216,new_orleans_pelicans_logo.png
San_Antonio_Spurs,san_antonio_spurs,San Antonio Spurs,3,nba,1137,117,Southwest, Southwest,107,Western, Western Conference,NBA,130,san_antonio,tx,us,151,san_antonio_spurs_logo.png
NFL,nfl,National Football League,4,nfl,1003,118,UA,Unaffiliated,108,UA,Unaffiliated,NFL,100,new_york,ny,us,,nfl_logo.png
Buffalo_Bills,buffalo_bills,Buffalo Bills,4,nfl,1021,119,East, AFC East,109,AFC, American Football Conference,NFL,101,buffalo,ny,us,162,buffalo_bills_logo.png
Miami_Dolphins,miami_dolphins,Miami Dolphins,4,nfl,1089,119,East, AFC East,109,AFC, American Football Conference,NFL,102,miami,fl,us,161,miami_dolphins_logo.png
New_England_Patriots,new_england_patriots,New England Patriots,4,nfl,1103,119,East, AFC East,109,AFC, American Football Conference,NFL,103,foxborough,ma,us,156,new_england_patriots_logo.png
New_York_Jets,new_york_jets,New York Jets,4,nfl,1111,119,East, AFC East,109,AFC, American Football Conference,NFL,104,new_york,ny,us,183,new_york_jets_logo.png
Baltimore_Ravens,baltimore_ravens,Baltimore Ravens,4,nfl,1016,120,North, AFC North,109,AFC, American Football Conference,NFL,105,baltimore,md,us,180,baltimore_ravens_logo.png
Cincinnati_Bengals,cincinnati_bengals,Cincinnati Bengals,4,nfl,1036,120,North, AFC North,109,AFC, American Football Conference,NFL,106,cincinnati,oh,us,195,cincinnati_bengals_logo.png
Cleveland_Browns,cleveland_browns,Cleveland Browns,4,nfl,1038,120,North, AFC North,109,AFC, American Football Conference,NFL,107,cleveland,oh,us,164,cleveland_browns_logo.png
Pittsburgh_Steelers,pittsburgh_steelers,Pittsburgh Steelers,4,nfl,1132,120,North, AFC North,109,AFC, American Football Conference,NFL,108,pittsburgh,pa,us,101,pittsburgh_steelers_logo.png
Houston_Texans,houston_texans,Houston Texans,4,nfl,1068,121,South, AFC South,109,AFC, American Football Conference,NFL,109,houston,tx,us,191,houston_texans_logo.png
Indianapolis_Colts,indianapolis_colts,Indianapolis Colts,4,nfl,1071,121,South, AFC South,109,AFC, American Football Conference,NFL,110,indianapolis,in,us,178,indianapolis_colts_logo.png
Jacksonville_Jaguars,jacksonville_jaguars,Jacksonville Jaguars,4,nfl,1073,121,South, AFC South,109,AFC, American Football Conference,NFL,111,jacksonville,fl,us,146,jacksonville_jaguars_logo.png
Tennessee_Titans,tennessee_titans,Tennessee Titans,4,nfl,1156,121,South, AFC South,109,AFC, American Football Conference,NFL,112,nashville,tn,us,189,tennessee_titans_logo.png
Denver_Broncos,denver_broncos,Denver Broncos,4,nfl,1052,122,West, AFC West,109,AFC, American Football Conference,NFL,113,denver,co,us,143,denver_broncos_logo.png
Kansas_City_Chiefs,kansas_city_chiefs,Kansas City Chiefs,4,nfl,1074,122,West, AFC West,109,AFC, American Football Conference,NFL,114,kansas_city,mo,us,109,kansas_city_chiefs_logo.png
Las_Vegas_Raiders,las_vegas_raiders,Las Vegas Raiders,4,nfl,1079,122,West, AFC West,109,AFC, American Football Conference,NFL,115,las_vegas,nv,us,102,las_vegas_raiders_logo.png
Los_Angeles_Chargers,los_angeles_chargers,Los Angeles Chargers,4,nfl,1081,122,West, AFC West,109,AFC, American Football Conference,NFL,116,los_angeles,ca,us,218,los_angeles_chargers_logo.png
Dallas_Cowboys,dallas_cowboys,Dallas Cowboys,4,nfl,1048,123,East, NFC East,110,NFC, National Football Conference,NFL,117,dallas,tx,,110,dallas_cowboys_logo.png
New_York_Giants,new_york_giants,New York Giants,4,nfl,1109,123,East, NFC East,110,NFC, National Football Conference,NFL,118,new_york,ny,us,183,new_york_giants_logo.png
Philadelphia_Eagles,philadelphia_eagles,Philadelphia Eagles,4,nfl,1124,123,East, NFC East,110,NFC, National Football Conference,NFL,119,philadelphia,pa,us,174,philadelphia_eagles_logo.png
Washington_Commanders,washington_commanders,Washington Commanders,4,nfl,1168,123,East, NFC East,110,NFC, National Football Conference,NFL,120,washington,dc,us,190,washington_commanders_logo.png
Chicago_Bears,chicago_bears,Chicago Bears,4,nfl,1029,124,North, NFC North,110,NFC, National Football Conference,NFL,121,chicago,il,us,219,chicago_bears_logo.png
Detroit_Lions,detroit_lions,Detroit Lions,4,nfl,1054,124,North, NFC North,110,NFC, National Football Conference,NFL,122,detroit,mi,us,150,detroit_lions_logo.png
Green_Bay_Packers,green_bay_packers,Green Bay Packers,4,nfl,1064,124,North, NFC North,110,NFC, National Football Conference,NFL,123,green_bay,wi,us,171,green_bay_packers_logo.png
Minnesota_Vikings,minnesota_vikings,Minnesota Vikings,4,nfl,1098,124,North, NFC North,110,NFC, National Football Conference,NFL,124,minneapolis,mn,us,235,minnesota_vikings_logo.png
Atlanta_Falcons,atlanta_falcons,Atlanta Falcons,4,nfl,1011,125,South, NFC South,110,NFC, National Football Conference,NFL,125,atlanta,ga,us,182,atlanta_falcons_logo.png
Carolina_Panthers,carolina_panthers,Carolina Panthers,4,nfl,1025,125,South, NFC South,110,NFC, National Football Conference,NFL,126,charlotte,nc,us,113,carolina_panthers_logo.png
New_Orleans_Saints,new_orleans_saints,New Orleans Saints,4,nfl,1107,125,South, NFC South,110,NFC, National Football Conference,NFL,127,new_orleans,la,us,122,new_orleans_saints_logo.png
Tampa_Bay_Buccaneers,tampa_bay_buccaneers,Tampa Bay Buccaneers,4,nfl,1153,125,South, NFC South,110,NFC, National Football Conference,NFL,128,tampa_bay,fl,us,206,tampa_bay_buccaneers_logo.png
Arizona_Cardinals,arizona_cardinals,Arizona Cardinals,4,nfl,1007,126,West, NFC West,110,NFC, National Football Conference,NFL,129,glendale,az,us,223,arizona_cardinals_logo.png
Los_Angeles_Rams,los_angeles_rams,Los Angeles Rams,4,nfl,1086,126,West, NFC West,110,NFC, National Football Conference,NFL,130,los_angeles,ca,us,218,los_angeles_rams_logo.png
San_Francisco_49Ers,san_francisco_49ers,San Francisco 49ers,4,nfl,1140,126,West, NFC West,110,NFC, National Football Conference,NFL,131,san_francisco,ca,us,173,san_francisco_49ers_logo.png
Seattle_Seahawks,seattle_seahawks,Seattle Seahawks,4,nfl,1146,126,West, NFC West,110,NFC, National Football Conference,NFL,132,seattle,wa,us,179,seattle_seahawks_logo.png
NHL,nhl,National Hockey League,5,nhl,1004,127,UA,Unaffiliated,111,UA,Unaffiliated,NHL,100,new_york,ny,us,,nhl_logo.png
Boston_Bruins,boston_bruins,Boston Bruins,5,nhl,1017,128, Atlantic, Atlantic,112,Eastern, Eastern Conference,NHL,101,boston,ma,us,230,boston_bruins_logo.png
Buffalo_Sabres,buffalo_sabres,Buffalo Sabres,5,nhl,1022,128, Atlantic, Atlantic,112,Eastern, Eastern Conference,NHL,102,buffalo,ny,us,169,buffalo_sabres_logo.png
Detroit_Red_Wings,detroit_red_wings,Detroit Red Wings,5,nhl,1056,128, Atlantic, Atlantic,112,Eastern, Eastern Conference,NHL,103,detroit,mi,us,175,detroit_red_wings_logo.png
Florida_Panthers,florida_panthers,Florida Panthers,5,nhl,1061,128, Atlantic, Atlantic,112,Eastern, Eastern Conference,NHL,104,miami,fl,us,104,florida_panthers_logo.png
Montreal_Canadiens,montreal_canadiens,Montreal Canadiens,5,nhl,1100,128, Atlantic, Atlantic,112,Eastern, Eastern Conference,NHL,105,montreal,qc,ca,116,montreal_canadiens_logo.png
Ottawa_Senators,ottawa_senators,Ottawa Senators,5,nhl,1122,128, Atlantic, Atlantic,112,Eastern, Eastern Conference,NHL,106,ottawa,on,ca,124,ottawa_senators_logo.png
Tampa_Bay_Lightning,tampa_bay_lightning,Tampa Bay Lightning,5,nhl,1154,128, Atlantic, Atlantic,112,Eastern, Eastern Conference,NHL,107,tampa_bay,fl,us,117,tampa_bay_lightning_logo.png
Toronto_Maple_Leafs,toronto_maple_leafs,Toronto Maple Leafs,5,nhl,1160,128, Atlantic, Atlantic,112,Eastern, Eastern Conference,NHL,108,toronto,on,ca,213,toronto_maple_leafs_logo.png
Carolina_Hurricanes,carolina_hurricanes,Carolina Hurricanes,5,nhl,1024,129,Metropolitan, Metropolitan,112,Eastern, Eastern Conference,NHL,109,raleigh,nc,us,172,carolina_hurricanes_logo.png
Columbus_Blue_Jackets,columbus_blue_jackets,Columbus Blue Jackets,5,nhl,1044,129,Metropolitan, Metropolitan,112,Eastern, Eastern Conference,NHL,110,columbus,oh,us,188,columbus_blue_jackets_logo.png
New_Jersey_Devils,new_jersey_devils,New Jersey Devils,5,nhl,1105,129,Metropolitan, Metropolitan,112,Eastern, Eastern Conference,NHL,111,newark,nj,us,203,new_jersey_devils_logo.png
New_York_Islanders,new_york_islanders,New York Islanders,5,nhl,1110,129,Metropolitan, Metropolitan,112,Eastern, Eastern Conference,NHL,112,new_york,ny,us,236,new_york_islanders_logo.png
New_York_Rangers,new_york_rangers,New York Rangers,5,nhl,1115,129,Metropolitan, Metropolitan,112,Eastern, Eastern Conference,NHL,113,new_york,ny,us,181,new_york_rangers_logo.png
Philadelphia_Flyers,philadelphia_flyers,Philadelphia Flyers,5,nhl,1125,129,Metropolitan, Metropolitan,112,Eastern, Eastern Conference,NHL,114,philadelphia,pa,us,240,philadelphia_flyers_logo.png
Pittsburgh_Penguins,pittsburgh_penguins,Pittsburgh Penguins,5,nhl,1130,129,Metropolitan, Metropolitan,112,Eastern, Eastern Conference,NHL,115,pittsburgh,pa,us,200,pittsburgh_penguins_logo.png
Washington_Capitals,washington_capitals,Washington Capitals,5,nhl,1167,129,Metropolitan, Metropolitan,112,Eastern, Eastern Conference,NHL,116,washington,dc,us,125,washington_capitals_logo.png
Chicago_Blackhawks,chicago_blackhawks,Chicago Blackhawks,5,nhl,1030,130,Central, Central,113,Western, Western Conference,NHL,117,chicago,il,us,237,chicago_blackhawks_logo.png
Colorado_Avalanche,colorado_avalanche,Colorado Avalanche,5,nhl,1041,130,Central, Central,113,Western, Western Conference,NHL,118,colorado,co,us,112,colorado_avalanche_logo.png
Dallas_Stars,dallas_stars,Dallas Stars,5,nhl,1050,130,Central, Central,113,Western, Western Conference,NHL,119,dallas,tx,us,106,dallas_stars_logo.png
Minnesota_Wild,minnesota_wild,Minnesota Wild,5,nhl,1099,130,Central, Central,113,Western, Western Conference,NHL,120,minneapolis,mn,us,159,minnesota_wild_logo.png
Nashville_Predators,nashville_predators,Nashville Predators,5,nhl,1101,130,Central, Central,113,Western, Western Conference,NHL,121,nashville,tn,us,120,nashville_predators_logo.png
St._Louis_Blues,st._louis_blues,St. Louis Blues,5,nhl,1150,130,Central, Central,113,Western, Western Conference,NHL,122,st_louis,mo,us,145,st._louis_blues_logo.png
Utah_Mammoth,utah_mammoth,Utah Mammoth,5,nhl,1163,130,Central, Central,113,Western, Western Conference,NHL,123,salt_lake_city,ut,us,139,utah_mammoth_logo.png
Winnipeg_Jets,winnipeg_jets,Winnipeg Jets,5,nhl,1172,130,Central, Central,113,Western, Western Conference,NHL,124,winnipeg,mb,ca,123,winnipeg_jets_logo.png
Anaheim_Ducks,anaheim_ducks,Anaheim Ducks,5,nhl,1006,131,Pacific, Pacific,113,Western, Western Conference,NHL,125,anaheim,ca,us,163,anaheim_ducks_logo.png
Calgary_Flames,calgary_flames,Calgary Flames,5,nhl,1023,131,Pacific, Pacific,113,Western, Western Conference,NHL,126,calgary,ab,ca,214,calgary_flames_logo.png
Edmonton_Oilers,edmonton_oilers,Edmonton Oilers,5,nhl,1058,131,Pacific, Pacific,113,Western, Western Conference,NHL,127,edmonton,ab,ca,210,edmonton_oilers_logo.png
Los_Angeles_Kings,los_angeles_kings,Los Angeles Kings,5,nhl,1084,131,Pacific, Pacific,113,Western, Western Conference,NHL,128,los_angeles,ca,us,137,los_angeles_kings_logo.png
San_Jose_Sharks,san_jose_sharks,San Jose Sharks,5,nhl,1143,131,Pacific, Pacific,113,Western, Western Conference,NHL,129,san_jose,ca,us,211,san_jose_sharks_logo.png
Seattle_Kraken,seattle_kraken,Seattle Kraken,5,nhl,1144,131,Pacific, Pacific,113,Western, Western Conference,NHL,130,seattle,wa,us,133,seattle_kraken_logo.png
Vancouver_Canucks,vancouver_canucks,Vancouver Canucks,5,nhl,1164,131,Pacific, Pacific,113,Western, Western Conference,NHL,131,vancouver,bc,ca,208,vancouver_canucks_logo.png
Vegas_Golden_Knights,vegas_golden_knights,Vegas Golden Knights,5,nhl,1166,131,Pacific, Pacific,113,Western, Western Conference,NHL,132,las_vegas,nv,us,226,vegas_golden_knights_logo.png
WNBA,wnba,Women's National Basketball League,6,wnba,1005,132,UA,Unaffiliated,114,UA,Unaffiliated,WNBA,100,new_york,ny,us,0,wnba_logo.png
Atlanta_Dream,atlanta_dream,Atlanta Dream,6,wnba,1010,133,Eastern, Eastern Conference,115,Eastern, Eastern Conference,WNBA,101,atlanta,ga,us,153,atlanta_dream_logo.png
Chicago_Sky,chicago_sky,Chicago Sky,6,wnba,1034,133,Eastern, Eastern Conference,115,Eastern, Eastern Conference,WNBA,102,chicago,il,us,238,chicago_sky_logo.png
Connecticut_Sun,connecticut_sun,Connecticut Sun,6,wnba,1046,133,Eastern, Eastern Conference,115,Eastern, Eastern Conference,WNBA,103,uncasville,ct,us,186,connecticut_sun_logo.png
Indiana_Fever,indiana_fever,Indiana Fever,6,wnba,1069,133,Eastern, Eastern Conference,115,Eastern, Eastern Conference,WNBA,104,indiana,in,us,152,indiana_fever_logo.png
New_York_Liberty,new_york_liberty,New York Liberty,6,wnba,1113,133,Eastern, Eastern Conference,115,Eastern, Eastern Conference,WNBA,105,new_york,ny,us,114,new_york_liberty_logo.png
Washington_Mystics,washington_mystics,Washington Mystics,6,wnba,1169,133,Eastern, Eastern Conference,115,Eastern, Eastern Conference,WNBA,106,washington,dc,us,126,washington_mystics_logo.png
Dallas_Wings,dallas_wings,Dallas Wings,6,wnba,1051,134,Western, Western Conference,116,Western, Western Conference,WNBA,107,dallas,tx,us,134,dallas_wings_logo.png
Golden_State_Valkyries,golden_state_valkyries,Golden State Valkyries,6,wnba,1062,134,Western, Western Conference,116,Western, Western Conference,WNBA,108,san_francisco,ca,us,127,golden_state_valkyries_logo.png
Las_Vegas_Aces,las_vegas_aces,Las Vegas Aces,6,wnba,1078,134,Western, Western Conference,116,Western, Western Conference,WNBA,109,las_vegas,nv,us,184,las_vegas_aces_logo.png
Los_Angeles_Sparks,los_angeles_sparks,Los Angeles Sparks,6,wnba,1087,134,Western, Western Conference,116,Western, Western Conference,WNBA,110,los_angeles,ca,us,137,los_angeles_sparks_logo.png
Minnesota_Lynx,minnesota_lynx,Minnesota Lynx,6,wnba,1094,134,Western, Western Conference,116,Western, Western Conference,WNBA,111,minneapolis,mn,us,228,minnesota_lynx_logo.png
Phoenix_Mercury,phoenix_mercury,Phoenix Mercury,6,wnba,1128,134,Western, Western Conference,116,Western, Western Conference,WNBA,112,phoenix,az,us,198,phoenix_mercury_logo.png
Seattle_Storm,seattle_storm,Seattle Storm,6,wnba,1148,134,Western, Western Conference,116,Western, Western Conference,WNBA,113,seattle,wa,us,133,seattle_storm_logo.png
IPL,ipl,India Premier League,7,Ipl,1173,135,UA,Unaffiliated,117,UA,Unaffiliated,IPL,100,mumbai,mh,in,,ipl_logo.png
Chennai_Super_Kings ,chennai_super_kings ,Chennai Super Kings ,7,ipl,1174,136,IPL,India Premier League,118,IPL,India Premier League,IPL,101,chennai,tn,in,242,chennai_super_kings _logo.png
Delhi_Capitals,delhi_capitals,Delhi Capitals,7,ipl,1175,136,IPL,India Premier League,118,IPL,India Premier League,IPL,102,delhi,dl,in,243,delhi_capitals_logo.png
Gujarat_Titans,gujarat_titans,Gujarat Titans,7,ipl,1176,136,IPL,India Premier League,118,IPL,India Premier League,IPL,103,ahmedabad,gj,in,244,gujarat_titans_logo.png
Kolkata_Knight_Riders,kolkata_knight_riders,Kolkata Knight Riders,7,ipl,1177,136,IPL,India Premier League,118,IPL,India Premier League,IPL,104,kolkata,wb,in,245,kolkata_knight_riders_logo.png
Lucknow_Super_Giants,lucknow_super_giants,Lucknow Super Giants,7,ipl,1178,136,IPL,India Premier League,118,IPL,India Premier League,IPL,105,lucknow,up,in,246,lucknow_super_giants_logo.png
Mumbai_Indians,mumbai_indians,Mumbai Indians,7,ipl,1179,136,IPL,India Premier League,118,IPL,India Premier League,IPL,106,mumbai,mh,in,247,mumbai_indians_logo.png
Punjab_Kings,punjab_kings,Punjab Kings,7,ipl,1180,136,IPL,India Premier League,118,IPL,India Premier League,IPL,107,mohali,pb,in,248,punjab_kings_logo.png
Rajasthan_Royals,rajasthan_royals,Rajasthan Royals,7,ipl,1181,136,IPL,India Premier League,118,IPL,India Premier League,IPL,108,jaipur,rj,in,249,rajasthan_royals_logo.png
Royal_Challengers_Bengaluru,royal_challengers_bengaluru,Royal Challengers Bengaluru,7,ipl,1182,136,IPL,India Premier League,118,IPL,India Premier League,IPL,109,bengaluru,ka,in,250,royal_challengers_bengaluru_logo.png
Sunrisers_Hyderabad,sunrisers_hyderabad,Sunrisers Hyderabad,7,ipl,1183,136,IPL,India Premier League,118,IPL,India Premier League,IPL,110,hyderabad,tg,in,251,sunrisers_hyderabad_logo.png